PricingGame	f1	f2	f3	f4	f5	f6	f7	f8	f9	f10	f11	f12	f13	f14	f15	f16	f17	f18	f19	f20	f21	f22	f23	f24	f25	f26	f27	f28	f29	f30	f31	f32	f33	f34	f35	f36	f37	f38	f39	f40	f41	f42	f43	f44	f45	f46	f47	fTotal	fRank	fActive	Category	YTID
Double Prices	83	53	59	62	61	68	62	51	42	35	46	44	42	33	32	26	36	24	5	13	25	19	18	23	30	33	26	33	26	32	34	32	35	33	26	39	34	36	31	28	18	23	24	27	27	26	28	1643	1	47	CarGames,OnePrizeGames	G82YtR6DMxA
Most Expen$ive	64	55	51	65	57	60	49	43	42	36	46	45	46	39	38	38	34	34	35	35	29	20	32	29	25	23	22	26	24	23	25	21	28	23	23	25	34	34	36	34	34	27	29	26	23	23	23	1633	2	47	CarGames,ThreePrizeGames	PJAIwlEAbKM
Any Number	116	53	57	69	45	53	39	37	41	42	43	37	34	37	35	35	35	26	28	29	33	30	31	24	23	28	33	25	27	23	22	25	25	22	22	28	29	34	29	27	29	22	21	21	23	22	22	1591	3	47	CarGames	0Ef1KFJ3tFY
Money Game	42	39	40	47	48	41	35	34	36	41	41	41	37	37	36	33	27	29	28	36	35	30	30	13	33	35	34	30	29	29	30	31	31	29	31	37	32	32	32	27	26	29	29	27	27	28	24	1548	4	47	CarGames	9ygx1NjsPQI
Range Game	29	62	67	75	67	60	62	50	41	41	40	39	36	34	37	28	35	36	33	33	31	29	34	29	29	29	20	21	22	15	17	17	15	16	24	23	27	31	28	30	18	20	20	21	19	18	20	1528	5	47	CarGames,OnePrizeGames	CfdFEWOru0k
Lucky $even	2	46	44	44	42	45	36	35	35	33	34	30	29	29	26	30	34	33	37	31	32	32	34	31	36	34	30	28	29	27	20	21	23	24	23	32	35	36	35	31	28	35	29	29	31	29	29	1478	6	47	CarGames	tNTsW_oEO1c
Squeeze Play	-	-	-	-	-	51	57	46	42	34	44	44	42	33	33	27	40	37	36	36	35	39	37	31	37	33	31	31	28	29	24	22	25	24	25	35	39	34	36	34	30	34	29	29	27	29	29	1438	7	42	CarGames,OnePrizeGames	I3uYkdr5QbI
Clock Game	79	64	55	70	62	60	45	40	41	40	37	40	37	33	30	34	34	28	24	24	22	29	26	20	19	18	20	21	19	15	16	16	18	19	20	21	17	13	11	11	16	6	11	11	11	10	8	1321	8	47	TwoPrizeGames	qXiKfPyx7OA
1 Right Price	-	-	-	49	55	53	55	47	41	39	44	41	44	35	33	35	36	35	29	24	16	20	23	22	19	14	17	25	17	19	18	15	20	18	21	25	33	33	30	30	21	22	27	21	20	21	24	1286	9	44	TwoPrizeGames	mC29gD-67nQ
Barker's Bargain Bar	-	-	-	-	-	-	-	10	42	40	48	48	47	34	39	38	38	35	34	30	28	30	32	31	33	31	32	29	31	29	31	31	25	29	30	34	5	-	-	6	34	27	28	27	28	27	27	1178	10	38	CarGames,TwoPrizeGames	iwBAx5uCJUc
Plinko	-	-	-	-	-	-	-	-	-	-	13	20	22	30	30	22	32	31	35	34	36	37	36	39	39	38	36	34	32	34	35	36	32	27	29	33	24	26	26	31	33	37	27	26	25	27	24	1128	11	37	CashGames,SmallPrizeGames	naUppHrHJpI
Dice Game	-	-	-	4	38	39	30	33	37	31	41	33	28	27	23	27	26	29	29	31	32	25	30	27	30	35	29	27	30	23	24	27	27	29	26	23	14	13	15	14	10	15	19	17	19	18	18	1122	12	44	CarGames	0Q1LkOmCllc
Grocery Game	99	55	61	62	54	49	43	40	29	20	19	12	16	14	16	15	20	16	15	15	13	21	17	18	16	14	14	17	13	13	14	11	14	14	13	19	19	18	14	12	5	11	9	9	10	7	8	1033	13	47	CarGames	1KJxvq2NzME
Card Game	-	8	27	42	37	46	30	34	41	37	33	24	20	28	23	27	23	19	25	21	27	19	24	11	21	22	19	16	18	17	14	14	17	19	15	18	9	8	6	3	-	4	20	19	23	19	17	964	14	45	CarGames	KXFwLXMtD4c
Race Game	-	2	46	58	50	45	40	36	42	35	31	29	33	31	33	26	29	25	25	24	17	19	11	12	8	12	11	10	11	12	9	12	11	9	13	14	13	8	11	16	13	10	10	12	8	8	10	950	15	46	CarGames,FourFivePrizeGames	nDfl9t-LhR8
Hi Lo	23	47	53	66	49	42	39	35	21	24	22	12	15	12	12	14	18	15	12	17	15	16	17	16	24	18	11	10	11	7	10	9	10	12	10	18	17	14	13	13	7	10	11	12	13	12	12	896	16	47	CarGames,GroceryProductGames	Dsd38z981EE
Safe Crackers	-	-	-	12	43	45	49	43	41	38	39	40	35	32	34	30	30	10	21	24	18	21	20	14	16	11	9	11	8	11	11	11	12	10	11	16	12	9	9	10	14	10	9	10	10	10	11	890	17	44	CarGames,TwoPrizeGames	495XNM2r60k
One Away	-	-	-	-	-	-	-	-	-	-	-	-	20	30	32	29	30	27	30	34	30	28	31	25	33	33	26	26	26	26	24	25	25	22	23	18	23	20	11	16	29	19	16	16	19	18	17	857	18	35	CarGames	wKZyZoEEUf0
Grand Game	-	-	-	-	-	-	-	2	20	18	19	20	18	16	16	14	27	28	25	19	24	28	26	25	19	20	25	17	23	21	24	21	23	23	26	29	23	21	18	20	30	21	20	22	21	23	21	856	19	40	CashGames,GroceryProductGames	iQOmzYjd5cE
Cliff Hangers	-	-	-	12	41	36	25	24	20	19	21	15	18	15	18	18	13	9	10	14	11	12	13	14	17	22	23	23	22	25	26	18	16	16	13	21	19	24	25	19	31	15	22	20	18	19	17	849	20	44	CarGames,SmallPrizeGames	l0pXccoFzUw
Danger Price	-	-	-	25	56	44	40	34	42	38	38	34	35	34	40	38	22	21	27	20	12	12	12	9	8	7	6	6	7	5	6	8	6	10	7	13	7	11	13	15	14	10	11	12	10	10	11	846	21	44	FourFivePrizeGames	h7c4Bsp6eA4
3 Strikes	-	-	-	27	42	40	30	33	41	35	39	38	34	34	37	35	34	29	34	23	20	29	21	33	24	13	13	10	3	5	8	7	8	7	7	5	3	4	4	4	6	4	4	4	4	4	4	843	22	44	CarGames	aWHuf-VP97Y
Temptation	1	46	40	46	39	42	31	30	38	34	31	21	19	21	21	20	17	16	19	15	16	14	19	14	12	13	11	9	12	10	9	10	9	9	8	13	6	8	7	10	13	11	8	8	7	7	9	829	23	47	CarGames	DY49pRb-OGU
Punch a Bunch	-	-	-	-	-	-	32	24	18	17	18	18	15	16	16	14	15	20	20	21	24	18	21	18	18	21	25	22	20	21	21	20	18	21	21	13	22	24	20	19	19	19	16	17	17	14	16	789	24	41	SmallPrizeGames	BSEVjowhlbA
10 Chances	-	-	5	40	40	36	27	32	34	33	24	17	18	25	17	17	24	23	22	16	19	20	18	18	18	14	17	14	13	9	12	11	12	11	13	11	8	6	7	6	7	7	8	8	6	7	5	755	25	45	CarGames	6Pf6sChXtAU
Switch?	-	-	-	-	-	-	-	-	-	-	-	-	-	-	-	-	-	-	-	13	26	31	24	25	22	23	23	25	24	32	24	24	26	24	22	29	34	37	36	36	34	27	27	27	27	26	26	754	26	28	CarGames,TwoPrizeGames	BVaD49fUjlw
Five Price Tags	80	39	37	52	36	22	23	19	19	20	21	14	12	14	14	15	9	8	9	9	9	10	8	8	8	8	8	9	10	9	12	11	7	10	6	10	10	9	9	10	13	11	11	10	10	11	8	727	27	47	CarGames,SmallPrizeGames	4XICVB9Z54o
Hole in One	-	-	-	-	10	42	36	26	33	31	29	23	25	25	34	33	22	22	23	21	20	21	18	18	15	13	13	11	12	9	11	9	11	9	10	10	6	7	6	7	5	7	9	7	6	6	7	718	28	43	CarGames,GroceryProductGames	MK3uDSuE3BE
Bullseye '76	-	-	-	1	42	45	41	36	30	22	19	15	17	18	15	15	20	14	13	18	14	13	15	17	19	16	14	12	13	12	14	11	10	14	8	14	13	10	11	8	9	10	12	9	10	13	12	714	29	44	CarGames,GroceryProductGames	Ydvm6w8hZDw
Bonus Game	91	38	2	46	39	36	24	27	21	21	24	19	17	18	19	20	10	7	6	8	8	7	7	6	7	5	6	6	6	5	6	9	9	9	5	7	6	10	10	14	5	10	10	8	7	10	8	699	30	47	CarGames,SmallPrizeGames	XJc56hCQFPY
Take Two	-	-	-	-	-	5	42	34	40	36	39	36	39	33	38	31	29	25	25	21	14	12	9	8	8	7	7	5	6	7	8	6	6	6	8	5	2	7	7	8	8	9	9	9	9	9	8	680	31	42	FourFivePrizeGames	yfd-ngUyBGM
Cover Up	-	-	-	-	-	-	-	-	-	-	-	-	-	-	-	-	-	-	-	-	-	28	28	34	27	27	26	27	21	21	27	25	26	22	21	29	28	26	29	29	27	25	19	20	21	21	22	656	32	26	CarGames	Fhmg_ZNBFXM
Poker Game	-	-	-	34	49	41	37	38	40	37	38	35	35	36	39	30	21	20	13	12	9	9	8	7	6	5	5	4	4	5	2	4	4	4	5	-	-	-	-	-	-	-	-	-	-	-	-	636	33	32	FourFivePrizeGames	et1jjdngKlU
Secret "X"	-	-	-	-	-	36	28	19	18	19	16	15	17	18	19	19	11	8	10	9	11	9	9	8	15	19	17	18	17	20	15	13	14	11	10	10	14	17	13	13	6	9	13	14	14	14	16	621	34	42	CarGames,SmallPrizeGames	QvJt1VWx4_w
Check Game	-	-	-	-	-	-	-	-	-	32	36	33	31	18	24	26	32	34	28	26	23	25	23	19	12	12	12	10	12	12	13	11	9	13	11	13	10	-	-	-	1	12	9	10	9	9	10	620	35	35	OnePrizeGames	XGhy8bnC_jc
Pick-a-Pair	-	-	-	-	-	-	-	-	-	6	23	20	14	13	14	13	2	0	29	19	19	18	18	19	19	18	19	18	17	14	17	14	18	20	15	21	21	14	14	15	9	12	14	12	14	14	16	592	36	38	GroceryProductGames	WSHqqeFId3M
Shell Game	-	13	69	61	37	39	31	31	29	25	17	14	14	14	14	12	8	7	10	8	7	6	7	7	6	6	4	1	4	5	4	4	5	5	5	4	3	7	5	4	4	6	7	7	5	5	6	592	36	46	CarGames,SmallPrizeGames	U_ik26UyoQs
Push Over	-	-	-	-	-	-	-	-	-	-	-	-	-	-	-	-	-	-	-	-	-	-	-	-	-	-	11	27	25	24	27	25	19	19	24	28	33	38	34	32	34	28	27	24	21	23	26	549	38	21	CarGames,OnePrizeGames	pfzu2QNjOEA
Freeze Frame	-	-	-	-	-	-	-	-	-	-	-	-	-	-	-	-	-	-	-	-	-	-	16	33	28	24	23	15	16	17	17	14	17	16	18	13	28	25	30	24	29	18	18	19	21	21	18	518	39	25	OnePrizeGames	KHOk02EcA1s
Switcheroo	-	-	-	-	31	24	23	19	17	21	18	14	13	12	14	13	10	8	11	10	11	11	9	8	10	10	9	10	12	11	11	9	9	12	7	10	8	9	7	10	11	10	7	9	9	9	10	516	40	43	CarGames,SmallPrizeGames	4GVoW-7VuxQ
Pathfinder	-	-	-	-	-	-	-	-	-	-	-	-	-	-	8	12	20	29	29	21	19	22	21	22	17	18	18	16	14	15	14	12	11	10	10	13	9	10	11	12	23	12	12	12	13	11	13	509	41	33	CarGames	3XK-TLnKyj4
That's Too Much!	-	-	-	-	-	-	-	-	-	-	-	-	-	-	-	-	-	-	-	-	-	-	-	-	-	-	-	-	6	25	26	23	23	22	21	24	30	33	36	35	20	30	29	30	28	25	26	492	42	19	CarGames	982ws8pQwH0
1 Wrong Price	-	-	-	-	-	-	-	-	-	-	-	-	-	-	-	-	-	-	-	-	-	-	-	-	-	-	19	17	17	18	15	16	18	17	19	22	29	29	30	30	33	24	26	24	24	23	25	475	43	21	ThreePrizeGames	4tQv6QJAP5Q
Flip Flop	-	-	-	-	-	-	-	-	-	-	-	-	-	-	-	-	-	-	-	-	-	-	-	-	-	-	-	11	16	18	18	16	19	14	15	18	24	29	33	34	35	31	29	27	29	27	25	468	44	20	OnePrizeGames	QcV-T5TKFpo
Now....or Then	-	-	-	-	-	-	-	-	6	12	14	16	18	18	15	14	10	11	8	11	12	9	12	18	16	14	12	10	11	10	9	11	12	11	11	15	14	14	14	13	8	10	8	8	9	8	9	461	45	39	CarGames,GroceryProductGames	BheLUPGbfvw
Check-Out	-	-	-	-	-	-	-	-	-	10	17	15	13	13	13	12	17	17	13	18	15	12	15	8	19	11	11	5	10	10	9	11	8	9	8	8	15	16	11	13	8	13	10	10	11	9	13	456	46	38	CarGames,GroceryProductGames	zxGcHkml2vw
Make Your Move	-	-	-	-	-	-	-	-	-	-	-	-	-	-	-	-	-	14	30	33	30	32	23	24	16	17	15	13	11	12	12	10	11	10	12	14	11	11	10	13	8	9	10	10	10	9	9	449	47	30	TwoPrizeGames	t_u8QcBvaFg
Spelling Bee	-	-	-	-	-	-	-	-	-	-	-	-	-	-	-	-	32	30	26	27	23	25	23	23	21	17	16	14	11	12	9	10	10	10	9	6	9	7	6	6	7	7	9	10	9	9	10	443	48	31	CarGames,SmallPrizeGames	otdq19BX7cs
Give or Keep	41	49	43	54	37	19	19	22	26	19	20	10	13	14	14	15	8	5	2	-	-	-	-	-	-	-	-	-	-	-	-	-	-	-	-	-	-	-	-	-	-	-	-	-	-	-	-	430	49	19	-	fHqUt-1YkFA
It's in the Bag	-	-	-	-	-	-	-	-	-	-	-	-	-	-	-	-	-	-	-	-	-	-	-	-	-	27	26	24	19	20	21	19	19	20	20	18	18	22	20	16	22	20	17	16	15	15	15	429	50	22	CashGames,GroceryProductGames	HncvtlY73aw
Side by Side	-	-	-	-	-	-	-	-	-	-	-	-	-	-	-	-	-	-	-	-	-	5	14	12	24	15	10	5	6	7	9	7	9	6	11	9	15	17	20	22	28	27	26	24	26	24	26	404	51	26	OnePrizeGames	4ALBvD92unQ
Pick-a-Number	-	-	-	-	-	-	-	-	-	-	-	-	-	-	-	-	-	-	-	13	24	25	16	12	10	9	2	2	3	4	5	5	5	8	7	12	28	26	24	19	6	23	24	21	22	24	21	400	52	28	CarGames,OnePrizeGames	0516H8-Av8Q
Golden Road	-	-	1	12	12	14	14	14	14	11	11	18	14	16	11	11	10	10	12	11	11	13	8	13	11	8	11	8	7	6	8	9	5	8	7	6	4	3	4	2	3	4	4	4	4	4	4	395	53	45	CarGames	nKx0uB2KxO0
Coming or Going	-	-	-	-	-	-	-	-	-	-	-	-	-	-	-	-	-	-	-	-	-	-	-	-	-	-	-	-	-	-	-	28	28	24	24	27	18	11	22	23	34	32	28	25	23	25	20	392	54	16	OnePrizeGames	4fn33s_57LQ
Hit Me	-	-	-	-	-	-	-	-	23	18	18	16	14	14	14	15	12	13	14	14	14	15	15	18	18	19	15	9	12	11	14	13	14	10	3	-	-	-	-	-	-	-	-	-	-	-	-	385	55	27	GroceryProductGames	eAupyzQbtHQ
Eazy az	1 2 3	-	-	-	-	-	-	-	-	-	-	-	-	-	-	-	-	-	-	-	-	-	-	-	8	28	26	23	15	18	18	19	15	9	12	11	15	20	13	15	14	9	9	10	11	10	11	11	350	56	24	ThreePrizeGames	4UCzbYYdInY
Master Key	-	-	-	-	-	-	-	-	-	-	7	17	14	12	13	14	9	8	9	8	8	9	9	10	9	10	8	10	11	13	9	11	7	9	7	5	6	8	7	5	7	6	9	9	9	8	9	339	57	37	CarGames,SmallPrizeGames	1FSTOHCDO8I
2 for the Price of 1	-	-	-	-	-	-	-	-	-	-	-	-	-	-	-	-	-	24	36	26	14	15	15	12	10	16	8	7	6	6	9	7	6	8	9	10	12	7	8	9	6	8	8	10	7	10	9	338	58	30	CarGames,TwoPrizeGames	o2k633EfRtw
Penny Ante	-	-	-	-	-	-	13	17	19	19	20	12	15	15	14	13	7	7	7	10	12	12	9	13	20	13	15	9	9	8	-	-	-	-	-	-	-	-	-	-	-	-	-	-	-	-	-	308	59	24	GroceryProductGames	ijN-0xOO7pQ
Swap Meet	-	-	-	-	-	-	-	-	-	-	-	-	-	-	-	-	-	-	-	24	20	21	14	15	11	12	8	6	9	10	10	10	7	9	8	7	8	8	8	11	5	13	10	8	9	8	10	299	60	28	FourFivePrizeGames	vjanz0K3l3w
1/2 Off	-	-	-	-	-	-	-	-	-	-	-	-	-	-	-	-	-	-	-	-	-	-	-	-	-	-	-	-	-	-	-	2	26	19	19	14	15	20	18	17	17	20	16	19	19	21	17	279	61	16	CashGames,SmallPrizeGames	xi35odWXebw
Credit Card	-	-	-	-	-	-	-	-	-	-	-	-	-	-	-	22	24	31	26	16	14	17	12	9	10	10	9	7	8	7	8	8	5	7	6	5	1	-	-	-	-	-	-	-	-	-	-	262	62	22	FourFivePrizeGames	vIYIL2E2rwc
Let 'em Roll	-	-	-	-	-	-	-	-	-	-	-	-	-	-	-	-	-	-	-	-	-	-	-	-	-	-	-	23	14	15	12	14	17	16	14	11	13	12	14	14	5	11	12	12	10	11	12	262	62	20	CarGames,GroceryProductGames	EKRYrYCCrdU
Magic #	-	-	-	-	-	-	-	-	-	-	-	-	-	-	-	-	-	-	-	-	26	22	11	16	15	16	8	9	8	8	9	9	5	7	8	14	7	5	5	6	10	3	6	8	6	8	7	262	62	27	TwoPrizeGames	wjTbt8mhRH4
Shopping Spree	-	-	-	-	-	-	-	-	-	-	-	-	-	-	-	-	-	-	-	-	-	-	-	13	17	17	13	12	10	11	13	10	10	10	10	10	3	9	9	13	13	9	12	8	8	10	9	259	65	24	FourFivePrizeGames	vq6ZW137rM8
Bonkers	-	-	-	-	-	-	-	-	-	-	-	-	-	-	-	-	-	-	-	-	-	-	-	-	-	-	-	-	-	22	16	15	12	14	14	6	19	19	18	17	9	15	11	14	13	12	10	256	66	18	OnePrizeGames	TZsemPVYvw8
Line em Up	-	-	-	-	-	-	-	-	-	-	-	-	-	-	-	-	-	-	-	-	-	-	-	-	-	11	16	12	10	11	10	10	11	10	8	7	10	10	11	11	15	17	13	13	15	11	12	254	67	22	CarGames	SyJwnbGKPNA
Pass The Buck	-	-	-	-	-	-	-	-	-	-	-	-	-	-	-	-	-	-	-	-	-	-	-	-	-	-	-	-	-	25	19	17	19	17	13	14	16	13	12	12	10	9	9	8	9	8	12	242	68	18	CarGames,GroceryProductGames	17DqMUmBcko
Hurdles	-	-	-	27	49	47	31	35	24	15	8	-	-	-	-	-	-	-	-	-	-	-	-	-	-	-	-	-	-	-	-	-	-	-	-	-	-	-	-	-	-	-	-	-	-	-	-	236	69	8	-	3p9jBY8jaMM
Balance Game '06	-	-	-	-	-	-	-	-	-	-	-	-	-	-	-	-	-	-	-	-	-	-	-	-	-	-	-	-	-	-	-	-	-	11	14	13	18	15	14	16	7	12	15	17	17	20	20	209	70	14	CarGames	ByL15qCZcjE
Bump	-	-	-	-	-	-	-	-	-	-	-	-	-	31	34	33	34	32	29	8	-	-	-	-	-	-	-	-	-	-	-	-	-	-	-	-	-	-	-	-	-	-	-	-	-	-	-	201	71	7	-	uatNdmU9YHM
Super Ball!!	-	-	-	-	-	-	-	-	9	17	17	19	14	14	12	12	7	7	9	9	10	9	9	9	4ALBvD92unQ10	4	-	-	-	-	-	-	-	-	-	-	-	-	-	-	-	-	-	-	-	-	-	197	72	18	-	0hopI32yit8
Pocket Change	-	-	-	-	-	-	-	-	-	-	-	-	-	-	-	-	-	-	-	-	-	-	-	-	-	-	-	-	-	-	-	-	11	16	14	10	10	16	12	12	9	13	13	12	13	9	10	180	73	15	CarGames	UHdjQkkYC-E
The Phone Home Game	-	-	-	-	-	-	-	-	-	-	-	35	29	27	28	27	24	3	-	-	-	-	-	-	-	-	-	-	-	-	-	-	-	-	-	-	-	-	-	-	-	-	-	-	-	-	-	173	74	7	-	oabn7HWuxRQ
Stack the Deck	-	-	-	-	-	-	-	-	-	-	-	-	-	-	-	-	-	-	-	-	-	-	-	-	-	-	-	-	-	-	-	-	-	-	19	9	14	13	11	13	14	14	13	13	11	11	9	164	75	13	CarGames,GroceryProductGames	cOvouDQ2Jis
Buy or Sell	-	-	-	-	-	-	-	-	-	-	-	-	-	-	-	-	-	-	-	8	20	18	11	13	10	12	5	7	8	7	7	7	6	6	6	4	-	-	-	-	-	-	-	-	-	-	-	155	76	17	ThreePrizeGames	Sgw9DNhc4mM
$uper $aver	-	-	-	-	-	-	-	-	-	-	-	-	-	-	-	-	5	30	27	15	19	19	21	13	-	-	-	-	-	-	-	-	-	-	-	-	-	-	-	-	-	-	-	-	-	-	-	149	77	8	-	50Kvfa1-91o
More or Less	-	-	-	-	-	-	-	-	-	-	-	-	-	-	-	-	-	-	-	-	-	-	-	-	-	-	-	-	-	-	-	-	-	-	8	7	10	13	11	11	11	16	14	11	13	10	9	144	78	13	CarGames,FourFivePrizeGames	ktRwPtQDORk
Do the Math	-	-	-	-	-	-	-	-	-	-	-	-	-	-	-	-	-	-	-	-	-	-	-	-	-	-	-	-	-	-	-	-	-	-	-	-	-	-	-	-	-	22	22	25	24	24	24	141	79	6	TwoPrizeGames	9lrP18Urae0
Gas Money	-	-	-	-	-	-	-	-	-	-	-	-	-	-	-	-	-	-	-	-	-	-	-	-	-	-	-	-	-	-	-	-	-	-	-	-	12	6	13	17	19	17	12	13	9	12	10	140	80	11	CarGames	QJd2MXIoxoI
Barker's Marker$	-	-	-	-	-	-	-	-	-	-	-	-	-	-	-	-	-	-	-	-	-	-	17	18	13	11	8	7	8	7	7	7	6	5	5	5	1	-	-	-	-	-	-	-	-	-	-	125	81	15	ThreePrizeGames	XlTaZlk3mz8
Double Cross	-	-	-	-	-	-	-	-	-	-	-	-	-	-	-	-	-	-	-	-	-	-	-	-	-	-	-	-	-	-	-	-	-	-	-	-	-	-	-	3	23	15	14	15	13	13	13	109	82	8	TwoPrizeGames	_6ml-DbNFA0
Rat Race	-	-	-	-	-	-	-	-	-	-	-	-	-	-	-	-	-	-	-	-	-	-	-	-	-	-	-	-	-	-	-	-	-	-	-	-	-	1	15	12	13	11	12	11	10	12	11	108	83	10	CarGames,SmallPrizeGames	AxNeHIZY4mo
Clearance Sale	-	-	-	-	-	-	-	-	-	-	-	-	-	-	-	-	-	-	-	-	-	-	-	-	-	-	14	7	9	10	12	10	7	9	9	7	5	-	-	-	-	-	-	-	-	-	-	99	84	11	ThreePrizeGames	JQVR5toFy4s-
Trader Bob	-	-	-	-	-	-	-	6	28	18	16	13	13	5	-	-	-	-	-	-	-	-	-	-	-	-	-	-	-	-	-	-	-	-	-	-	-	-	-	-	-	-	-	-	-	-	-	99	84	7	-	tExiRaVit_E
Time i$ Money	-	-	-	-	-	-	-	-	-	-	-	-	-	-	-	-	-	-	-	-	-	-	-	-	-	-	-	-	-	-	-	15	-	-	-	-	-	-	-	-	-	-	16	16	15	13	16	91	86	6	CashGames,GroceryProductGames	afJol4oks_w
Triple Play	-	-	-	-	-	-	-	-	-	-	-	-	-	-	-	-	-	-	-	-	-	-	-	-	-	-	-	-	8	6	8	7	6	6	7	5	1	4	3	3	3	2	3	3	4	4	4	87	87	19	CarGames	Qby1sUyvasU
Joker	-	-	-	-	-	-	-	-	-	-	-	-	-	-	-	-	-	-	-	-	-	10	11	10	8	7	5	3	5	4	2	5	4	3	3	-	-	-	-	-	-	-	-	-	-	-	-	80	88	14	SmallPrizeGames	R6rFC3ivVLI
Pay the Rent	-	-	-	-	-	-	-	-	-	-	-	-	-	-	-	-	-	-	-	-	-	-	-	-	-	-	-	-	-	-	-	-	-	-	-	-	-	-	12	11	10	8	8	8	8	8	7	80	88	9	CashGames,GroceryProductGames	bAzh7h6owDo
Step Up	-	-	-	-	-	-	-	-	-	-	-	-	-	-	-	-	-	-	-	-	-	-	-	-	-	-	-	-	-	11	8	8	7	7	6	4	1	7	5	5	4	6	1	-	-	-	-	80	88	14	FourFivePrizeGames	_-uIm1R534w
Vend-O-Price	-	-	-	-	-	-	-	-	-	-	-	-	-	-	-	-	-	-	-	-	-	-	-	-	-	-	-	-	-	-	-	-	-	-	-	-	-	-	-	-	-	-	-	14	18	17	18	67	91	4	CarGames,GroceryProductGames	yldyH-1TWfs
Fortune Hunter	-	-	-	-	-	-	-	-	-	-	-	-	-	-	-	-	-	-	-	-	-	-	-	-	-	20	18	9	-	-	-	-	-	-	-	-	-	-	-	-	-	-	-	-	-	-	-	47	92	3	-	8HwNba_z_rA
Hot Seat	-	-	-	-	-	-	-	-	-	-	-	-	-	-	-	-	-	-	-	-	-	-	-	-	-	-	-	-	-	-	-	-	-	-	-	-	-	-	-	-	-	-	-	-	17	14	14	45	93	3	CashGames,SmallPrizeGames	ZunQ_LTDFtA
It's Optional	-	-	-	-	-	-	12	10	7	7	9	-	-	-	-	-	-	-	-	-	-	-	-	-	-	-	-	-	-	-	-	-	-	-	-	-	-	-	-	-	-	-	-	-	-	-	-	45	93	5	-	sVEysz_RBj0
Add 'em Up	-	-	-	-	-	-	-	-	-	-	-	-	-	-	19	16	2	-	-	-	-	-	-	-	-	-	-	-	-	-	-	-	-	-	-	-	-	-	-	-	-	-	-	-	-	-	-	37	95	3	-	W_O7c6iipoI
Split Decision	-	-	-	-	-	-	-	-	-	-	-	-	-	-	-	-	-	-	-	-	-	-	-	26	8	-	-	-	-	-	-	-	-	-	-	-	-	-	-	-	-	-	-	-	-	-	-	34	96	2	-	DPHCEct6Ym4
Walk of Fame	-	-	-	-	-	-	-	-	-	-	-	18	9	3	-	-	-	-	-	-	-	-	-	-	-	-	-	-	-	-	-	-	-	-	-	-	-	-	-	-	-	-	-	-	-	-	-	30	97	3	-	3UQExlaKmW4
Gridlock!	-	-	-	-	-	-	-	-	-	-	-	-	-	-	-	-	-	-	-	-	-	-	-	-	-	-	-	-	-	-	-	-	-	-	-	-	-	-	-	-	-	-	-	-	-	15	14	29	98	2	CarGames	Od1FkFDS6DA
Balance Game '84	-	-	-	-	-	-	-	-	-	-	-	9	14	5	-	-	-	-	-	-	-	-	-	-	-	-	-	-	-	-	-	-	-	-	-	-	-	-	-	-	-	-	-	-	-	-	-	28	99	3	-	o_L6EalEZGk
On the Spot	-	-	-	-	-	-	-	-	-	-	-	-	-	-	-	-	-	-	-	-	-	-	-	-	-	-	-	-	-	-	11	13	2	-	-	-	-	-	-	-	-	-	-	-	-	-	-	26	100	3	CarGames,SmallPrizeGames	i2VJ2VIYjys
Gallery Game	-	-	-	-	-	-	-	-	-	-	-	-	-	-	-	-	-	-	24	-	-	-	-	-	-	-	-	-	-	-	-	-	-	-	-	-	-	-	-	-	-	-	-	-	-	-	-	24	101	1	-	Ts2YtXCnC3s
On the Nose	-	-	-	-	-	-	-	-	-	-	-	-	15	4	-	-	-	-	-	-	-	-	-	-	-	-	-	-	-	-	-	-	-	-	-	-	-	-	-	-	-	-	-	-	-	-	-	19	102	2	-	s8pvmd8n3Po
Mystery Price	-	17	-	-	-	-	-	-	-	-	-	-	-	-	-	-	-	-	-	-	-	-	-	-	-	-	-	-	-	-	-	-	-	-	-	-	-	-	-	-	-	-	-	-	-	-	-	17	103	1	-	Cr5GFXi0tpQ
Finish Line	-	-	-	-	-	11	5	-	-	-	-	-	-	-	-	-	-	-	-	-	-	-	-	-	-	-	-	-	-	-	-	-	-	-	-	-	-	-	-	-	-	-	-	-	-	-	-	16	104	2	-	sQLrZMpZAAI
Shower Game	-	-	-	-	-	-	10	-	-	-	-	-	-	-	-	-	-	-	-	-	-	-	-	-	-	-	-	-	-	-	-	-	-	-	-	-	-	-	-	-	-	-	-	-	-	-	-	10	105	1	-	ClRd5SNJds4
Bullseye '72	5	-	-	-	-	-	-	-	-	-	-	-	-	-	-	-	-	-	-	-	-	-	-	-	-	-	-	-	-	-	-	-	-	-	-	-	-	-	-	-	-	-	-	-	-	-	-	5	106	1	-	3CmPDDpkcxI
Double Digits	5	-	-	-	-	-	-	-	-	-	-	-	-	-	-	-	-	-	-	-	-	-	-	-	-	-	-	-	-	-	-	-	-	-	-	-	-	-	-	-	-	-	-	-	-	-	-	5	106	1	-	DmfFs1izH-Y
Double Bullseye	4	-	-	-	-	-	-	-	-	-	-	-	-	-	-	-	-	-	-	-	-	-	-	-	-	-	-	-	-	-	-	-	-	-	-	-	-	-	-	-	-	-	-	-	-	-	-	4	108	1	-	Sos6SHQyyXM
Telephone Game	-	-	-	-	-	-	3	-	-	-	-	-	-	-	-	-	-	-	-	-	-	-	-	-	-	-	-	-	-	-	-	-	-	-	-	-	-	-	-	-	-	-	-	-	-	-	-	3	109	1	-	KzrZCLB-DF4
Professor Price	-	-	-	-	-	2	-	-	-	-	-	-	-	-	-	-	-	-	-	-	-	-	-	-	-	-	-	-	-	-	-	-	-	-	-	-	-	-	-	-	-	-	-	-	-	-	-	2	110	1	-	A_XiLD_Ye_g
